hostname,mac,ip
Alexis Nelson,f3:16:a:b6:86:92,232.68.175.193
Teresa Hansen,88:6a:f4:a5:df:a,167.193.130.54
Jonathon Miller,2c:9:80:4b:23:5,175.17.105.1
Christopher Chan,75:6f:b:5b:dd:20,113.46.34.33
Joseph Tran,6f:e7:ae:37:13:56,33.64.51.79
John Turner,cd:9b:f4:c0:be:7e,176.87.176.101
John Reynolds,44:3f:26:33:8d:f0,105.87.64.57
Andrew Underwood,9a:8d:69:4a:95:ad,167.242.197.237
William Peterson,f8:b9:d0:47:17:57,217.117.0.61
Sarah Haas,4e:9e:e5:be:45:6f,131.181.15.58
Michael Reed,c:cc:20:a0:44:be,99.190.35.129
Emily Morton,15:79:2b:2a:67:da,208.177.219.215
Brandy Coleman,78:87:a6:7:28:2c,113.95.240.60
David Gordon,73:49:7e:32:7b:13,51.116.118.99
Blake Jacobs,ea:7f:3e:2b:6b:dc,100.147.151.197
Michael Carter,92:f6:77:82:94:2f,56.147.72.10
Jennifer Ramsey,6c:9e:8:c6:86:c0,117.194.182.200
Tara Banks,c4:f3:5d:a1:f6:67,187.156.26.232
Natalie Smith,7b:5:72:c9:2f:17,158.119.94.153
Kathleen Russell,38:ab:d4:d2:92:8a,167.97.128.109
Christopher Taylor,29:a1:4d:24:f8:d4,74.38.30.136
Cynthia Jackson,55:ee:6f:8c:79:5c,74.164.100.175
Melissa Cohen,2a:7d:54:52:f6:c5,176.50.182.211
Tammy Fox,59:6b:8e:c1:8b:75,62.234.190.13
Jennifer Barrett,6b:d9:5e:9c:58:90,88.7.16.56
Daniel Gates,d5:91:f:ba:18:25,132.149.0.149
Deborah Murphy,61:b3:9a:ee:c9:43,129.192.0.212
Bradley Farmer,f4:95:12:4:4c:39,65.178.70.25
Bradley Franco,f6:80:90:cf:6d:1c,50.83.25.45
Michael Smith,ca:ba:f5:e6:89:e0,0.37.170.72
Jessica King,16:d0:54:48:b8:36,123.109.134.229
Lisa Franklin,17:33:12:fa:17:b6,55.200.129.196
Sarah Reyes,aa:44:4c:4e:b6:fc,67.76.235.216
Louis Schultz,43:7d:fb:cc:c2:70,224.163.82.2
Greg Patterson,62:69:da:c:2a:d3,132.81.69.111
Joe Smith,3:5d:65:96:a:b5,21.34.253.229
Nancy Foster,c9:a2:2:88:e9:29,47.254.209.237
Ashley Allen,b4:a1:45:45:8e:68,214.104.51.20
Brian Ramirez,3c:13:c4:8c:37:69,86.134.98.10
Abigail Dean,7b:ba:dd:11:68:6a,175.170.146.71
Lisa Johns,80:61:15:54:3a:be,69.56.210.75
Anthony Gordon,3f:43:53:ad:26:b0,18.171.143.84
Andrea Lloyd,a5:c9:9:45:cb:2c,67.167.194.8
Gabriel Wallace,8e:f1:39:35:4b:9c,203.147.38.169
Denise Gardner,22:d9:28:79:6b:9b,54.192.116.131
Brian Lyons,3e:59:26:58:b6:36,103.127.176.144
Monique Flores,2e:21:7c:3d:a4:b4,190.73.27.189
Angela Johns,1e:24:85:9e:e7:e4,170.241.148.8
Fernando Austin,4e:b1:b7:24:22:c5,197.20.119.206
Richard Patterson,cf:71:dc:52:b3:1,214.204.67.242
Christopher Odonnell,c:7c:2:bb:a5:f2,222.8.10.81
Karla Carpenter,7d:1c:c9:32:fb:b2,90.117.215.97
David Hays,e:e8:c3:4b:27:de,196.206.211.206
Angela Juarez,bb:56:cc:2c:ae:41,93.28.165.111
Helen Macdonald,fa:a5:d9:e0:2:53,43.11.82.55
Amanda Mendez,c:13:6b:e3:51:46,94.68.48.118
Jeremy Shaffer,57:b7:ef:ee:81:35,7.114.153.110
Joshua Brown,55:9a:14:ec:3a:c,96.192.151.161
Jason Ortega,85:11:71:e7:ca:80,120.58.68.27
Brittany Stewart,6f:fb:11:18:5f:c7,247.147.16.117
Brenda Mathis,47:9c:1a:14:fb:14,239.34.206.203
Anna Scott,92:27:1:b:df:73,160.146.166.246
Thomas Powell,b:d5:66:fa:ee:42,54.79.209.73
James Serrano,96:6e:e8:3c:d4:40,11.248.69.1
Joanne Brown,64:eb:97:28:34:2a,38.21.146.38
Brian Moses,64:32:74:77:84:4d,23.233.1.137
Heather Booth,62:2b:46:5a:1e:d0,253.103.185.206
Courtney Scott,3:45:ce:63:61:e1,170.29.106.41
Michael Jones,46:61:c6:6:2f:bd,115.98.32.89
Joseph Murray,46:27:58:d1:2d:b9,120.96.21.220
James Andrews,54:89:40:49:1:b6,211.212.66.30
Tina Gomez,ee:e7:3:bd:be:d2,249.193.206.69
Erik Jones,3f:68:3b:ae:ef:24,11.4.206.100
Jessica Jackson,d5:34:4d:fa:8e:64,29.215.135.229
Jessica Gallagher,f2:8c:e5:f3:a5:96,248.127.175.162
Dillon Velasquez,53:cf:b5:a2:16:e8,185.232.121.254
Michael Richard,c6:69:15:b6:6b:77,118.202.34.252
James Hart,e0:8d:e8:40:aa:9c,236.29.111.123
David Johnson,c7:d0:7d:79:16:b,115.252.143.209
Elizabeth Russell,ef:76:47:e8:94:e7,202.89.163.48
Elizabeth Young,7a:f:2f:e5:cc:17,111.110.204.149
Edward Zamora,56:5b:64:b2:63:89,173.17.228.104
Susan Johnson,40:94:8a:1:f0:c9,111.169.94.155
Jesse Hernandez,58:1c:c1:cd:4d:c,201.167.234.115
Eric Park,55:ad:53:0:98:45,62.151.150.14
Elizabeth Stevenson,59:8e:f1:d6:38:6c,244.31.171.215
Amanda Harrison,92:95:ec:e:18:3a,151.155.234.184
Glenn Page,78:35:3:e9:7b:77,191.5.80.103
Alex Pena,4c:50:14:aa:78:73,88.80.251.18
Gregory Davis,c2:40:4f:70:2d:81,59.135.171.151
Theresa Harding,fb:c3:d5:64:54:5b,187.235.243.125
Robert Davidson,68:1f:5:d9:e4:3d,227.17.86.65
Jeffrey Christian,1:e9:61:0:2b:36,251.236.60.148
Jennifer Brewer,57:6b:d2:10:14:71,174.64.27.85
Kristy Henry,a3:4c:33:44:35:12,4.145.85.62
Darryl Forbes,7c:51:d:3a:16:9,208.34.167.48
Mary Washington,3b:8f:e1:6f:b7:b9,209.70.137.136
Martha Webb,6b:7b:aa:4d:59:43,137.70.55.124
Dana Hogan,f1:ba:10:88:ca:f8,111.20.204.206
Michael Parker,18:2e:40:e5:8c:a,133.69.31.238
Melissa Clayton,2b:f1:27:79:23:bf,56.140.242.66
Kimberly Matthews,90:d5:35:ee:57:b3,108.153.189.121
Luke Fleming,6a:33:58:e2:aa:0,152.38.99.150
Christine Anderson,82:38:77:a6:cf:55,127.196.113.179
Michael Reeves,3e:ef:31:41:8f:7c,139.226.144.44
Austin Walsh,9b:17:56:97:ba:4a,156.180.7.118
Adam Kennedy,e7:b7:99:70:86:74,22.65.190.19
Shawn Wood,9e:81:1d:cf:60:18,177.33.56.209
Angela Boone,84:9b:c0:2f:4a:2f,184.210.185.175
Evan Cunningham,c6:13:8a:42:b4:55,64.168.14.247
Michael Cunningham,2e:20:2d:90:8f:9f,140.13.252.32
Ethan Chavez,52:44:79:3f:6:b3,152.134.152.63
Tiffany Powell,c5:79:fd:19:88:6b,20.143.192.153
Michele Smith,97:4f:91:44:cc:d,88.42.31.117
Charlotte Brown,aa:26:c6:3:77:45,13.95.110.80
Angela Hogan,ca:4:e3:76:b9:2a,104.94.145.191
Patrick Sandoval,9a:f4:79:f4:a6:df,216.212.84.211
Miss Linda Oconnor DDS,ee:bb:cc:c7:5f:e9,119.159.56.101
Kyle Carlson,a9:0:f7:8e:fd:8d,9.109.229.143
Dale Anderson,3d:b:bc:d:18:44,139.33.102.162
Anthony Howard,5a:2e:ed:b6:2f:4,196.191.127.69
Peter Richard,48:c4:a0:d6:3:52,167.183.52.234
Warren Johnson,e2:eb:86:6d:47:2c,12.118.44.145
Savannah Casey,d0:2:67:d8:8c:a2,68.222.222.174
Chad Mcmillan,bd:f6:6e:a0:bb:f4,35.20.201.154
Carolyn Bailey,cb:7b:b2:c4:7b:f6,75.120.108.9
Erin Higgins,61:16:d7:c3:86:87,237.107.146.4
Rebecca Colon,b3:17:aa:50:4c:ac,150.90.94.183
Tyler Jenkins,b9:67:bc:86:45:82,8.217.56.57
Jason Armstrong,49:3e:98:47:73:e2,210.125.144.84
Mary Jenkins,4f:25:f5:ed:e3:13,196.249.85.113
Brandon Glass,de:ce:d8:2:7a:60,246.16.71.131
Kelli Jefferson,c5:58:14:7d:ce:ce,13.9.122.205
Deborah Wright,6:c6:69:a1:14:6d,233.59.51.177
Nicole Myers,db:fe:d2:f7:16:2d,247.148.209.217
Alexis Mitchell,f0:2:9f:da:9c:fd,38.237.53.27
Angela Tran,96:58:99:78:c1:78,252.152.223.163
Mrs. Paige Torres DDS,78:89:de:46:81:ce,58.212.222.232
Lisa Sexton,71:be:62:ab:f7:a6,129.148.224.133
Courtney Frank DVM,2f:28:ee:6b:67:fc,196.66.8.84
Kristen Anderson,9:41:d9:9e:b0:41,109.76.12.228
Denise Pena,48:93:12:c2:f5:db,79.252.175.57
Jennifer Alvarado,5a:14:e8:d0:ba:ce,99.46.175.101
Jose Butler,34:19:ef:6e:de:40,171.191.104.172
Randy Jenkins,c:b9:b1:91:f3:75,22.135.8.111
Mallory Farrell,fc:fe:33:7f:de:fb,93.59.35.108
Nathan Pena,f7:a6:c0:fb:62:98,41.124.35.41
Andrea Stevens,0:74:c1:e4:a9:fb,234.202.87.55
Toni Williams,35:27:fe:3b:1a:1c,226.172.24.105
Angelica Bell,6c:4c:c4:1:e2:3d,105.164.187.131
Nicholas Miller,e3:9f:9e:3c:68:76,112.188.221.91
Kathryn Buchanan,ba:98:73:5a:13:9,185.172.211.135
Brian Solis,1a:bd:31:4e:bb:a0,186.85.240.180
Matthew Molina,8:17:dc:49:36:b4,48.145.84.34
Joseph Osborne,eb:fa:d4:8a:3e:6b,179.190.71.203
Beth Garcia,e:a5:cf:c0:49:85,35.134.76.80
Casey Adkins,bb:8:ca:de:db:8e,209.253.56.244
Chase Ward,6f:6d:48:1f:89:ad,222.32.46.221
Joe Adams,65:7f:d5:8a:f4:13,193.58.59.184
Rebecca Griffith,d8:74:17:27:ca:62,159.119.74.53
William Parks,de:fd:64:26:6d:14,166.120.185.25
Devin Brown,55:a4:d5:d7:8c:26,252.175.157.102
Leonard Harris,de:64:41:7e:d0:57,13.85.17.164
Amanda Rivera,d2:4c:1d:e0:8a:81,79.228.34.14
Robert Wolf,61:73:a2:a7:11:be,148.172.106.92
Steven Vargas,fd:52:e0:6e:b6:f2,200.0.88.10
Timothy Stephens,f0:f:30:48:b9:17,159.195.249.244
Stephen Peterson,f4:56:ad:99:3a:bf,235.2.254.71
Samantha Munoz,21:8:ea:17:1e:4,47.228.153.24
William Harris,ab:29:ba:94:53:83,185.13.127.24
Katelyn Simmons,88:be:bd:8e:ad:dc,237.163.49.246
Lauren Burke,de:26:fd:29:21:8,44.84.27.203
Cheryl Perry,fc:e1:76:d1:ca:e,233.160.247.35
Shelly Brooks,7c:e:d6:84:13:30,138.240.61.78
Miranda Mann,14:3b:f6:30:f9:89,42.202.20.198
Benjamin Price,89:2c:73:4b:70:c1,181.243.182.235
Brandy Casey,19:42:a2:3b:bd:38,212.199.177.64
Jerry Jones,91:c8:b0:fa:a1:30,134.92.124.4
Jared Griffin,f8:6d:c1:f3:1d:7e,238.188.175.100
Molly Perez,eb:33:fd:34:93:7c,241.203.128.230
David Russell,a5:59:f7:1d:a4:4,209.89.178.226
Amanda Schmitt,b7:99:dd:47:e:f8,240.30.162.67
Joseph Ward,13:bf:ac:72:2b:f9,220.132.56.203
Justin Cook,ea:8d:9f:d4:d:ab,51.53.87.87
Barbara Herrera,cf:16:31:84:48:c9,189.168.75.59
Toni Gonzales,5e:8:9f:3c:e3:37,40.104.120.218
James Campos,c1:5e:2:a4:84:f6,205.166.230.250
April Schultz,ce:3:c5:34:95:69,78.37.23.16
Beverly Marshall,5b:2b:69:bc:c9:4d,164.233.90.243
Emily Mcmahon,69:3a:c3:48:58:8e,38.79.91.33
Isaac Martin,af:e5:8d:d3:17:ba,73.184.35.196
Gerald Dean,51:1b:b4:d7:20:b5,131.139.68.85
William Ellis,da:57:d0:24:9a:fe,209.207.21.169
Jennifer Campbell,a1:7c:16:10:38:44,21.66.206.67
Cindy Chavez,63:25:5f:7b:67:fe,149.191.61.150
Joel Nelson,c9:24:a:f3:1b:b9,2.172.127.122
Felicia Anderson,6f:9d:62:65:fd:11,102.182.89.163
Austin Rodriguez,3a:3e:6c:95:c2:e,140.134.206.27
Christine Gilbert,1:74:ab:d7:ba:f2,128.125.239.116
Erin Spears,c3:e8:d5:5c:f2:9c,222.100.219.8
Rebecca Lee,13:10:1c:ac:28:52,18.249.238.188
James Anderson,fc:bb:1c:9f:8d:ee,11.70.3.168
Ryan Potter,e0:1f:cd:f2:7:7d,182.243.150.208
Brian White,3a:65:bd:bc:85:17,19.148.164.97
Keith Fischer,28:52:b6:34:9d:0,92.247.233.76
Kevin Hernandez,7a:41:96:eb:d1:d4,60.39.20.65
Darin Chapman,fb:fe:1c:c6:cd:39,229.22.238.81
Christopher Hale,cb:83:ef:1a:a0:b,215.78.4.203
Mercedes Bonilla,a4:e3:cf:96:e7:24,135.71.195.156
Steven Murray,a6:4d:6:e3:13:6b,78.179.203.106
Allison Wood,a0:95:4e:92:fe:43,32.88.244.23
Evelyn Hall,a2:8d:3e:4:be:d2,217.198.32.202
Andrea Johnson,e8:e0:b8:2a:46:33,95.196.146.174
William Arnold,5e:8d:c7:b9:d9:7,28.17.145.17
Tina Schultz,89:85:4c:3d:d8:16,227.114.73.45
Diamond Thomas,21:c9:9e:19:b5:e8,113.69.177.192
Amber Moore,59:df:4b:d5:fa:9b,57.254.45.133
Alexander Smith,23:d8:f6:da:ba:76,145.232.210.37
Ronald Williams,73:93:f8:c3:46:7,188.243.100.135
Jeffrey Fleming,b5:9e:ce:f:78:3c,220.243.58.141
Dr. James Pearson,27:26:69:43:85:17,68.126.96.25
Colin Vaughn,72:4a:f5:60:7c:c7,175.196.144.67
Nicholas Beck,bb:f8:bc:86:f2:e1,70.94.54.254
Robert Fuller,d8:4f:1:30:ed:df,159.117.167.61
Tony Montoya,76:34:2b:cb:3f:39,104.164.187.95
Nicholas Martin,f5:9a:5d:fa:e:7c,40.137.163.83
Michael Li,4b:15:e2:cf:1:89,157.10.219.74
Alexandra Patrick,d5:a3:d5:5e:52:cd,175.36.131.218
Kristen Cameron,b0:14:c0:dd:5c:f4,93.86.106.41
Sydney Rodriguez,e1:18:42:63:c6:9c,54.246.254.231
Emily Pierce,a2:51:c4:13:9e:69,28.135.60.119
Elizabeth Burke,94:da:f6:2e:cb:3d,166.154.2.29
Cody Herrera,8b:78:61:d:27:97,230.160.164.86
Keith Mcdonald,81:bb:50:b6:6a:1c,103.110.174.48
Leah Aguilar,63:53:cb:ea:e:7c,215.161.185.208
Christopher Hunter,4a:fa:8d:8f:f7:b,80.166.135.168
Susan Johnson,49:be:91:c0:49:31,171.162.200.120
Vincent Martinez,d5:26:f7:de:2:82,179.53.23.61
Brandy Maynard,db:30:db:d5:6a:b4,247.55.106.228
Ashley Graham,3e:df:5c:64:e9:6c,53.197.252.238
Sarah Molina,1:c0:c0:2d:60:b7,151.176.142.204
Ryan Parrish,4c:d8:6e:c2:b5:12,6.195.76.161
Jacob Nicholson,c9:bc:ed:60:1d:c4,79.85.129.166
Tracey Montoya,7e:77:d3:73:3f:37,246.8.99.253
Cheryl Harvey,a3:32:62:51:93:79,31.193.227.2
Jessica Thomas,b9:b9:a:5a:c4:21,118.78.174.202
Karen Estes,23:77:83:77:62:1e,16.238.198.190
Shawn Wilson,25:73:10:28:e2:f2,20.12.83.238
Brian Sosa,9:e6:bb:a7:ac:a0,172.93.0.236
Linda Davis,b1:58:88:ba:c9:3c,140.177.146.172
Victoria Morrison,53:11:90:74:f9:aa,18.75.80.155
Jessica Lee,90:dd:57:4a:80:c7,208.186.208.33
James Young,cb:20:a3:fa:5b:8e,218.231.152.8
Tammy Meza,60:b2:b5:99:a7:33,26.230.15.6
Darlene Fisher,aa:a9:82:12:a1:23,117.213.102.229
David Hardy,fb:10:96:fb:f0:8f,244.119.87.88
Jason Rose,16:99:a1:45:6e:8d,205.206.206.25
Alexandra Smith,61:c0:1e:c8:d6:a,220.108.154.214
James Neal,c3:24:3d:7c:67:8a,171.30.92.202
Peggy Randall,ac:2a:af:8c:a8:be,145.208.231.49
Christopher Pope,b2:d9:3c:11:1c:f4,167.160.139.56
Danielle Tran,e1:4f:98:f7:b2:8e,23.75.16.113
Suzanne Peterson,f7:72:99:71:76:c2,119.193.34.81
Gary Garcia,51:bf:99:97:47:8e,58.8.202.153
Michael Wade,a2:3b:6a:3a:21:85,78.1.9.73
Douglas Price,a1:b:1b:8d:95:43,108.247.105.231
Anthony Mcclure,fa:3:8b:1f:8a:dd,86.252.167.19
Luke Patton,dd:e:cd:1f:b2:6a,225.76.69.42
Steven Allen,6a:13:82:d7:a7:af,67.201.127.15
Stephanie Robertson,28:6c:e5:53:70:f6,134.128.36.60
Margaret Williams,ec:c2:5c:fb:d4:a7,16.16.46.135
Tara Johnson,81:fd:a9:5d:50:a,121.240.210.49
Debra Medina,3b:66:df:37:6a:b,12.0.187.15
Melissa Smith,61:c6:9f:2b:9d:cd,183.74.201.231
Alan Pham,d8:3d:14:89:a1:63,32.229.110.172
Tiffany Murray MD,66:b2:3b:8f:c9:10,47.29.171.80
Nicholas Daniels,92:0:ca:9e:ee:e4,75.141.26.74
Matthew Stone,70:a5:74:48:71:64,101.150.43.242
Amber Brock,93:54:34:81:64:49,114.94.57.142
Erik Harris,a9:1c:10:b5:88:58,34.30.254.130
Bryce Kelly,b8:80:4e:b8:42:16,87.65.123.51
Stephanie Miller,50:66:4d:42:3:4c,20.199.112.219
Michael Kramer,48:c8:bb:c4:b7:31,110.230.116.164
Miguel Campbell,7d:4b:e3:3a:5:a8,23.190.80.140
Julie Allen,d6:67:89:83:a5:7,46.80.27.58
Kelly Vance,73:43:21:74:e4:15,221.141.185.154
Harold Jimenez,60:59:cd:39:35:10,187.244.81.16
Jason Ross,53:3f:39:be:73:d2,253.247.102.244
Sean Thompson,d7:49:7d:ac:c7:bb,99.179.199.69
Joanna Guzman,ba:b9:85:9c:5:df,177.197.159.236
Madeline Bradley MD,2b:b7:78:4:59:7b,233.122.161.217
Brian Lopez,d6:f8:ee:24:6a:f1,8.76.113.230
Emily Jackson,55:6c:79:c6:c:79,16.70.29.140
Amanda Thompson,40:4e:b8:7f:2d:8f,48.153.84.157
Brenda Ford,c5:23:83:13:db:88,41.180.210.82
Brandon Baker,81:d9:cf:c6:a3:6c,130.42.19.84
Tammy Underwood,a7:6f:d6:e1:ef:f2,58.236.52.196
Jonathan Dominguez,c1:d7:ad:8e:1c:fe,241.33.114.199
Jennifer Valentine,2:75:6:7e:dc:50,40.20.154.135
Kristi Mayo,2e:31:e4:e6:92:a,163.95.79.40
Haley Turner,cc:c9:5:dc:0:69,36.130.97.209
Kristin Olson,75:12:b4:9:bb:5d,137.155.242.192
Michael Whitney,8f:6f:93:b3:ba:b0,9.246.105.6
Mary Jordan,4f:1e:8:a1:c:5a,75.124.230.243
Lori Shaffer,eb:7c:90:30:8:17,235.168.28.28
Jennifer Robinson,28:5e:db:58:60:ac,186.207.249.116
Zachary Moore,c5:bc:89:c7:a:89,168.147.30.212
Christopher Butler,ae:92:5e:d:64:d4,4.156.65.252
Sarah George,df:d6:c3:e7:f1:16,248.218.218.111
Julie Mueller,a1:84:18:ce:fb:3b,247.89.239.254
Christine Munoz,24:2d:c6:a3:f:4c,159.26.215.180
Bob Berg,fd:e9:81:c3:6f:9b,59.103.166.254
Heidi Thompson,a4:7:d7:56:95:f1,119.126.81.82
Jennifer Wilson,54:36:ad:4f:b7:22,196.145.59.70
Tammy Potter,df:4e:8c:6b:c5:27,0.232.2.193
Joshua Hodges,23:9e:b7:db:a:f,147.200.171.157
Frank Wood,5e:36:66:2d:78:95,247.21.219.2
Lori Webb,13:99:8a:c8:82:af,98.228.80.72
Ricky Nunez,5:b9:13:a6:c6:1d,149.253.219.36
William Nichols,e1:98:7d:97:77:89,253.160.18.252
Sheri Park,f0:e6:c2:ad:35:4,117.21.233.84
Kimberly Nichols,e9:4:2:41:d9:2a,175.181.187.223
Maria Miller,ef:f7:b5:70:e7:2a,215.233.47.154
Jeffrey Smith,88:9f:84:c1:aa:c5,79.172.201.5
Caleb Martin,d1:d3:3f:15:be:d4,92.253.176.8
James Hawkins,34:43:ba:d8:bc:f1,143.63.206.53
Jeffrey Smith,98:aa:17:8:70:91,47.97.110.237
Anthony Paul IV,b8:cc:c0:e5:28:a,14.3.220.200
Mr. James Orr MD,b0:28:a4:6:b8:f9,81.36.221.214
Tammy Taylor,e2:53:69:a0:c9:22,27.10.18.73
Joseph Powers,63:a9:1b:9c:6b:3a,80.64.159.11
Sean Roman,4f:1d:97:c6:f8:7d,108.88.29.110
Christopher Steele,75:7d:13:ea:4d:d2,101.50.178.135
Misty Hansen,1f:33:55:30:4f:b8,57.239.221.22
Kyle Campbell,c5:cd:91:27:11:3,59.176.126.59
Tammy Miller,1e:c1:26:7b:82:67,80.9.212.182
April Brown,8f:e4:58:a8:12:da,161.180.201.153
Matthew Lambert,52:1b:25:57:3:e8,0.228.248.251
Derek Gilbert,b5:1b:2e:d3:3e:f,246.151.105.222
Micheal Miller,65:c3:52:5b:3d:f7,227.45.158.157
Kelly Miller,cf:bb:4c:9e:29:e6,19.145.88.20
Zachary Morales,8a:29:b3:60:e7:a8,166.190.251.58
Virginia Harris,16:b6:de:99:d1:a9,26.97.103.120
Keith Garner,1:f6:75:3e:3a:f6,24.107.178.190
James White,c5:45:1c:92:a:51,110.145.94.224
Jessica Stephenson,24:df:c:c2:c7:65,232.84.229.42
Brandon Sparks,80:3:b3:db:34:27,77.41.13.156
Perry Morrison,3f:64:13:2f:ac:3b,30.125.243.107
William Montes,13:fd:c6:2f:22:61,98.47.205.81
Dylan Jones,e0:4f:4c:7f:c0:ec,55.204.251.0
Katherine Lee,88:d5:1d:fc:c5:7d,51.126.134.56
Mrs. Tracie Hicks DDS,38:bb:4a:1d:cb:b4,76.128.8.161
Rachel Lyons,de:a0:ac:1d:fe:59,42.42.188.87
Elizabeth Wilson,8c:74:ee:3f:b8:1f,130.226.175.24
Daniel Edwards,c7:20:39:49:16:6b,217.95.55.151
Eugene Hurley,af:b6:9c:c1:27:2f,220.124.90.127
Michelle Oliver,25:1f:22:1d:8:cb,197.61.157.176
Peter Cunningham,b7:82:8d:98:83:1f,146.136.252.126
Erica Wright,c:72:1c:61:c8:20,74.83.71.178
Jennifer Torres,38:8d:37:82:4e:78,0.231.153.169
Brittany Lewis,a0:c3:36:1e:b9:f6,78.113.83.215
Nathaniel Edwards,dc:50:f1:87:db:c9,218.196.241.87
Jonathan Ibarra,1c:be:86:6d:ac:9e,171.76.177.242
Patrick Hill,ab:8b:fd:62:4e:67,115.82.157.224
Cindy Bowen,a0:c9:34:ce:4c:1e,104.73.154.3
Debra Smith,e3:f:f7:fb:1:82,4.57.249.149
Bradley Mckenzie,7e:d5:4c:32:36:a0,152.202.18.181
Brandy Payne,28:89:70:b8:81:0,87.42.234.12
Justin Scott,d6:8c:c9:26:6f:20,48.177.2.129
Suzanne Pittman,f8:ef:f5:23:23:8f,86.173.196.152
Angelica Wagner,fb:60:fd:7a:f2:2b,74.57.212.47
Michael Munoz,c8:37:84:d2:e2:2a,250.168.74.253
Mrs. Meghan Hicks MD,97:93:39:e2:84:80,69.13.240.194
Kathryn Kidd,92:69:fe:a1:92:e0,114.98.71.162
William Taylor,14:64:78:0:5e:29,110.151.8.8
Hannah Riggs,a6:14:14:9c:11:d2,100.29.78.119
Jeff Carr,b5:e0:f2:39:aa:60,109.230.55.124
Kimberly Ford,27:2a:f5:20:5f:8d,254.213.178.254
Kyle Gordon,b0:8b:a6:be:0:4c,157.216.211.118
James Oconnell,13:c4:e4:3a:3b:19,126.212.159.9
Chelsey Mitchell,37:cf:44:3b:1b:f7,106.135.96.112
Andre Berger,b9:29:c:37:e9:96,75.167.238.81
Chelsea Ryan,d5:fc:69:3b:df:43,81.217.180.186
Jonathan Reynolds,3a:16:d:43:7b:f8,121.167.46.83
Benjamin Johnson,83:2c:38:b:56:3c,189.249.28.60
Elaine Tran,dd:53:22:40:d3:9a,179.185.83.110
James Velazquez II,ae:aa:bd:6d:7a:de,198.183.224.69
Alyssa Mcgrath,ae:a5:e5:3b:83:9,50.58.249.81
Drew Tran,b3:0:84:a:68:8a,70.134.61.43
James Pena,8e:6f:7b:8a:99:78,81.146.191.239
Kenneth Abbott,35:22:89:15:9a:4,124.172.80.193
Sarah Clark,4d:55:8d:11:40:35,26.130.24.58
Monica Cox,da:36:f8:5:4c:34,148.62.210.17
Adam Alvarado,bb:da:5e:bd:65:c1,69.150.33.230
Colleen Davis,86:6a:b6:88:b6:1c,179.19.72.138
Leslie Thomas DDS,33:9e:d4:fb:e8:fd,0.83.109.91
Mr. Gary Madden,73:92:a7:b0:d9:35,60.159.6.55
Jacqueline Hernandez,a6:39:cd:b3:ab:d7,84.124.238.224
Megan Wilson,32:d0:86:72:bf:f0,93.107.215.181
Ryan Holden,90:e9:ad:a2:7a:d6,94.81.37.105
Regina Hammond DDS,f4:15:c0:ab:c2:72,220.144.79.203
Amy Morris,54:42:3b:8c:8c:bd,101.246.141.76
Jeffrey Vazquez,e5:b6:15:1b:0:f8,59.173.163.124
Melissa Orr,75:69:2d:b5:5f:f3,81.214.7.183
Briana Cole,1b:50:1d:b9:6c:89,217.213.118.39
Breanna Santos,dd:ae:4b:71:46:44,149.232.93.171
James Singh,c2:1a:a8:34:c0:59,204.132.247.54
Cassandra Gonzalez,ba:f3:56:73:9:12,83.136.215.77
Tanya Figueroa,5b:b0:af:f6:c5:6e,23.162.126.228
Larry Gardner,5f:db:21:33:22:89,222.93.0.118
Elizabeth White,e1:5:b8:7a:c:53,159.171.119.241
Jack Smith,17:36:f:8b:60:70,67.254.89.188
Tracy Hall,2f:fc:f5:d1:22:7,151.55.118.117
Lindsay Peterson,a0:a6:80:fe:f4:91,40.83.39.83
Carolyn Adams,d0:8a:f0:4c:4d:1a,127.181.34.147
Riley Diaz,10:1a:d4:d6:3a:5a,0.249.219.155
Timothy Acevedo,36:25:ee:8c:4:61,1.85.52.82
Christopher Erickson,f8:21:d:99:c6:91,89.119.2.96
William Braun,a0:b:ed:6d:79:11,190.21.224.211
Virginia Riley,15:4d:41:54:61:a6,35.24.70.24
Ricardo Harrison,85:2:27:19:10:8e,98.62.2.108
Nichole Wright,19:31:2e:60:99:16,28.179.204.248
Jacob Kelly,aa:7a:8b:f6:c1:bf,73.135.75.23
Kelly Smith,a0:22:2e:79:17:90,180.199.195.44
John Lane,14:ad:ca:1a:27:bf,58.17.200.24
Heidi Fernandez,c3:f3:79:e:cf:a9,7.189.56.42
Gregory Martin,c9:35:be:2f:6d:e0,153.182.46.92
Daniel Lloyd,19:3d:b5:24:ac:41,25.131.43.74
Shawn Christian II,aa:a9:99:d3:90:34,39.250.96.232
Alicia Bryan,e9:e2:43:cb:45:fd,175.183.43.67
James Smith,75:f1:47:f2:3a:bf,254.152.93.203
Kara Newman,7a:e5:c1:4:c8:e3,254.70.164.178
Douglas Barron DDS,5f:e1:81:aa:d9:cc,63.10.147.217
Andrew Collier,ce:b1:f:1c:78:8a,66.103.98.152
Sandra Delgado,5d:b9:15:77:88:a7,55.36.101.70
Jackie Mahoney,13:f2:85:78:90:6b,50.114.245.229
Adam Mcgee,3b:e7:e9:53:8e:20,87.214.252.170
James Warren,b7:52:c7:c6:77:e0,127.180.4.210
Michael Calhoun,6c:3e:af:d1:b2:35,70.192.230.42
April Johnson,a3:56:ee:5e:38:2b,167.220.115.38
Jennifer Petty,91:63:28:72:2e:87,128.184.96.77
Cynthia Hill,80:1e:2c:d7:16:10,208.102.208.144
Brianna Walls,28:14:c7:6c:69:13,65.193.182.206
David Singh,fc:4e:d2:4b:28:f4,159.113.103.25
Jodi Hudson,d0:82:f2:cc:a1:65,210.209.60.97
Cory Todd,e8:32:42:24:b1:a1,165.227.103.2
Cynthia Chandler,1:68:3a:63:37:1,125.63.251.31
Kevin Garcia,75:bf:2a:61:db:f1,131.26.238.229
Eric Smith,f9:3e:46:ab:71:eb,84.101.131.87
Carlos Smith,c7:a:2d:ee:e4:72,199.219.240.120
Kristin Austin,96:c2:34:c7:84:94,87.216.3.96
Robert Smith,67:57:81:cc:e2:76,172.209.201.17
Kayla Martin,c4:3f:5a:3a:af:71,181.154.9.121
Crystal Smith,d3:78:cb:21:a7:d0,164.46.56.150
Tracy Wagner,c3:ad:76:cb:8c:d7,120.244.1.164
Ruben Lopez,4b:e2:db:f9:ec:2d,201.55.111.220
Robert Lam,50:23:4e:ea:70:bb,145.52.96.202
Jaime Crawford,89:c7:96:a:1a:1c,65.94.207.118
Ashley Shepherd,a9:3f:e3:8d:7f:db,194.116.175.79
Anthony Smith,4c:c7:f2:d4:57:fe,47.103.138.43
Jake Gates,27:1e:8a:57:b5:57,58.180.29.149
Wayne Banks,7a:84:8:51:ba:c4,49.117.148.33
Adam Washington,0:e2:62:6c:d1:4,241.142.230.226
Michael Ruiz,be:64:82:ee:49:3e,211.158.46.232
Nicole Carter,d2:2e:44:94:83:7c,213.118.252.40
Amanda Martinez MD,68:59:5f:9:58:d4,64.181.155.87
Steven Johnson,13:9f:6:be:4e:16,233.94.158.143
Alicia Barnes,7d:97:cd:9:bf:e2,106.200.117.111
Karen Jenkins,f8:f:4e:83:1d:3,200.147.137.202
James Lawson,d9:53:38:b0:5e:76,227.178.170.103
Joe Smith,ef:16:a2:87:e1:9a,182.233.74.60
Bernard Mendoza,83:c7:30:c6:1c:bb,229.58.184.123
Samuel Palmer,c2:85:1f:9:b:63,247.25.153.224
Eric Delgado,e8:60:28:1a:91:75,154.11.117.109
Jeffery Harper,31:24:25:2f:e7:bf,155.156.110.181
Jasmine Mckinney,81:21:d1:95:85:37,35.69.43.13
Regina Henderson,6:d6:8c:dd:9f:c8,181.77.63.181
Darren Malone,74:3d:ec:eb:4a:fb,215.65.95.188
Jason Smith II,9d:1:7d:8a:de:e5,184.227.219.17
Linda George,e1:b8:29:34:92:c4,45.124.94.40
Brian Smith,65:b7:ed:37:cd:a8,143.117.41.113
Brent Ryan,cb:7d:2e:d4:38:ca,131.247.3.207
Samantha Bruce,8b:88:19:e9:2:38,154.135.21.224
Scott Ortiz,a2:d2:8e:7:d0:29,23.253.233.146
Kelly Griffin,71:66:a4:95:a:8e,8.84.195.163
Richard Marquez,5:b4:c3:3a:6f:fc,242.6.128.37
Annette Miller,90:bd:76:25:42:46,113.171.188.240
Angela Harrison DDS,f8:38:c3:c8:dc:8f,145.114.49.160
Mr. Dustin Spencer DDS,cf:89:10:23:ae:95,40.48.14.173
Julie Wilson,51:99:de:70:41:bd,98.151.122.153
Dr. Craig Collier,97:6d:1:c1:b0:cb,73.103.236.184
William Aguilar,b7:d1:62:a2:91:6,2.101.54.107
Jeffrey Ball,c7:f0:5c:54:5a:47,86.156.241.42
Jonathan Bass,37:c7:2:8c:71:b9,157.55.164.57
Nicholas King,e1:d6:8:27:11:f8,58.57.101.226
Stephen Miles,4e:b7:8c:e:9f:0,195.179.12.30
Margaret Edwards,7e:62:be:eb:2a:b0,174.233.188.243
Tonya Moore,b4:26:42:3f:ad:c4,109.143.162.162
Emily Kennedy,f0:7e:e5:51:80:f9,248.139.27.20
Gabriel Wilkins,ee:b1:8f:63:ea:a1,149.248.101.175
George Atkinson,24:9c:c7:3c:dd:88,137.111.148.224
Kathleen Jones,c2:32:6d:44:9:68,182.24.165.148
John Lopez,9c:af:95:b9:b8:4a,150.38.76.69
Justin Jackson,e5:a3:1:f8:76:bb,193.33.176.135
Sarah Cole,35:5:e7:a3:c0:5c,73.78.234.217
Teresa Ellis,4e:fd:3a:6b:6:d9,123.199.56.9
Anthony Carr,b7:20:55:20:a5:fc,43.134.42.206
Alyssa Cruz,7:4e:7e:60:34:dc,128.93.69.32
Wendy Johnson,bf:59:78:a4:7a:f0,163.11.175.1
Bryan Tran,d3:ab:2b:33:45:45,79.116.71.180
Monica Morris,f:29:f9:3:46:f3,98.61.197.171
Larry Thomas,55:2b:cd:1d:95:ed,228.68.40.229
John Ayers,e3:9a:9c:9e:95:80,79.0.109.227
Donna Phillips,9e:e8:7f:6d:28:6b,7.218.215.13
Christopher Garner,9d:76:cd:8c:b1:cd,81.91.142.105
Heidi Molina,25:55:20:a2:e7:61,192.115.245.244
Randy Mora,da:2:3a:11:46:65,185.164.101.112
Brian White,81:78:64:af:3:b7,7.212.125.87
Megan Green,77:c1:53:4f:c5:4f,96.245.163.41
Kristin Garcia,cb:d3:4b:b4:34:6b,37.21.46.193
Daniel Lee,99:99:0:8:87:c7,92.180.106.196
Jennifer Rojas,a9:b:4e:4e:b5:b2,172.101.8.73
Ariana Johnson,7a:48:f0:79:52:26,16.70.16.26
Dr. Jeffrey Holloway,7b:2a:6:19:44:b1,128.35.137.25
Cody Powell,25:61:53:42:71:6b,168.37.228.32
Mark Thomas,91:ef:fa:37:c4:e5,179.119.108.13
Cheryl Tran,c7:93:5b:af:9a:37,3.20.35.88
Michael Simmons,da:36:23:f1:2e:ee,16.161.245.198
Mitchell Compton,9b:4f:db:b2:a5:19,17.141.246.74
Denise Thompson,99:ca:e1:9c:1c:e9,250.176.230.208
Michelle Ross,2c:67:bd:1a:a:3e,202.0.59.127
Erin Farmer,b8:16:44:be:94:8c,192.47.62.41
Lisa Murphy,86:66:ec:31:92:7d,81.16.191.16
Rachel Torres,ca:c2:4d:42:39:fa,200.31.151.136
Megan Harris,7a:29:a4:22:57:f1,41.219.246.111
Brian Barnes,d6:98:90:cf:e6:9a,22.163.10.47
Jennifer Bennett,a9:5f:82:f6:de:46,64.252.40.202
Brandon Carpenter,36:27:9a:e8:35:d,149.11.124.155
Mrs. Courtney Flores,35:71:19:d:d8:34,157.81.179.29
Adriana Burke,c3:e5:e5:e6:7e:91,183.117.10.104
Michael Walker,5a:d4:32:69:e1:2c,171.45.167.250
Ryan Pena,52:3f:5e:85:e1:aa,152.53.170.100
Angela Perez,ba:c7:8d:c6:2:da,15.39.220.149
Melissa Gonzalez,35:af:5:16:b6:1e,221.138.24.137
Melanie Arellano,c8:44:ca:e:28:57,15.18.169.238
Michael Brown,19:7c:cd:df:21:37,103.49.228.238
Brian Herrera,9f:dc:43:66:50:ed,106.232.167.72
Jennifer Wong,7f:db:22:65:aa:8d,79.207.247.222
Cheryl Wade,6c:ae:80:ac:2e:eb,215.225.57.5
Brett Montgomery,19:71:ec:10:d6:13,223.32.203.53
Stephanie Hall,28:f8:36:1a:6a:dd,101.105.231.119
Misty Wright,f4:e7:ac:5f:4d:8,10.126.196.0
Jade Scott,6a:47:fc:1a:98:79,209.134.212.64
Christian Russell,78:b5:94:58:ab:22,79.240.230.146
Jonathan Morrison,6e:aa:b0:de:7d:a8,159.238.81.227
James Swanson,9c:77:e1:6:13:c1,86.37.132.50
David Silva,14:b6:1a:c1:5f:4f,143.30.64.5
Megan Petty,db:af:5:8a:43:7c,219.100.44.202
Kathryn Alvarez,d5:c3:79:22:c2:74,172.34.11.38
Alyssa Smith,1e:ab:97:2e:76:d5,72.138.10.108
Lori Berry MD,c4:b1:8d:78:b1:a8,68.125.130.164
Kathryn Johnson,4a:11:ad:4c:e7:7f,69.7.136.139
Anthony Hernandez,16:d5:c4:c:ec:75,29.131.109.127
Brent Randolph,5c:72:a9:50:ac:6a,227.173.240.41
Kristine George,9a:22:f4:c7:c8:fd,117.66.81.9
Timothy Joseph,8f:4a:1a:f0:5f:de,110.29.42.103
David Callahan,11:4c:cb:d6:99:a4,193.84.236.141
Nathan Porter,39:17:ac:1f:e2:22,129.235.52.169
Tracy Porter,76:a6:48:72:a5:37,98.12.65.120
Andrew Cruz,9f:93:b1:3d:24:3c,188.79.215.89
Nicole Jones,83:b8:53:6f:d1:5d,43.42.225.130
Michael Miller,1c:28:80:1b:4d:20,63.203.116.15
Brianna Sutton,26:a0:fb:ae:b1:e3,25.227.182.179
John Grant,b4:b5:f9:d7:41:a,113.200.59.205
Kevin Davis,db:92:d5:5e:69:cf,98.185.26.15
Krystal Moore,5a:e9:89:c9:c6:b9,175.127.158.204
Anthony Delgado,6f:67:7f:b0:c0:a5,43.155.220.208
Christina Rodriguez,d3:9c:76:8:11:20,70.170.89.216
Charles Martin,37:58:4e:14:23:6b,73.58.27.107
Patty Jones,4e:1a:3d:3e:5a:60,119.119.0.35
Victoria Rivera,6c:32:26:2:e3:9e,30.183.220.0
Alexander Gonzales,59:5f:fe:3a:7:3c,37.111.1.11
Ricky Lindsey,25:c6:45:dd:c1:ab,6.203.238.187
Robert Anderson,74:77:c9:8e:b9:d4,160.163.129.31
Phillip Johnson MD,ef:86:3c:8f:d8:63,153.44.14.36
Carla Thompson,d5:8d:31:3e:d3:6c,108.195.208.197
Taylor Chen,be:9e:5d:4:8c:88,13.109.216.249
Mary Hahn,17:13:f3:90:47:4f,29.244.44.52
Joshua Johnson,e4:57:6f:4:ba:75,90.247.247.243
Joe Dixon,90:c4:8d:5:4c:8d,15.8.249.119
William Ochoa,f9:75:d6:94:76:55,235.204.100.46
Angela Ross,ee:66:3e:e3:8d:95,2.143.238.112
Sarah Torres,c1:f8:bc:f6:a8:37,28.62.43.197
Bobby Anderson,a0:c9:e3:1e:8:5c,54.222.115.133
Sheila Cox,8:24:2f:d6:b3:69,209.4.252.149
Justin Hall,e1:9f:41:fe:74:67,78.161.87.101
Lindsay Blackwell,8d:2a:ec:93:62:45,219.107.95.91
Crystal Scott,26:e2:51:48:fb:23,230.79.75.139
Arthur Thompson,33:0:d6:cc:80:71,210.114.77.215
Christina Walker,55:fb:38:1:87:f3,135.73.139.105
Troy Hunt,52:29:20:d5:44:f3,248.211.58.191
Brenda Watson,f:e2:67:64:ec:4c,65.135.161.219
Jennifer Clay,5f:b0:36:e2:75:29,194.209.71.182
Kathleen Marsh,c9:f4:39:b4:ab:5c,230.235.169.107
Theresa Erickson,a6:c8:8d:9c:c8:8b,186.218.66.81
Autumn Mckenzie,f5:e:22:64:58:3e,186.221.1.59
Kevin Wilson,10:e2:7:e9:45:6b,33.186.187.48
Carol Ramos,33:b:6d:9d:fa:fd,49.22.244.223
Yvonne Mcknight,20:da:57:ee:f:ee,203.49.30.22
Kathleen Gordon,b3:df:db:6e:29:71,127.247.10.11
Jerry Cabrera,27:ee:a1:df:4f:f6,101.27.170.176
Erin Walton,e7:94:1a:51:99:44,110.244.126.170
Tyler Wise,a0:13:74:ca:38:33,103.253.147.105
Carla Hall,9f:ec:5f:f5:e:31,152.66.84.104
Samuel Kim,d4:84:20:e4:2b:32,220.28.162.108
John Clark,ae:c4:4c:8c:82:2f,116.10.121.109
Luke Morris,f8:9f:25:3e:62:c7,20.181.220.107
Ian Abbott,7e:a0:f9:5d:e:f0,230.114.254.2
Samantha Campbell,84:5b:11:41:30:f6,87.116.73.254
Susan Cardenas,a1:45:e9:2f:71:76,136.111.80.250
Deborah Waller,b9:aa:bd:58:19:ab,234.171.231.125
Michael Palmer,43:48:f:89:93:bc,119.43.204.186
Angela Harrell,6f:4a:b3:a4:e1:64,223.112.230.78
Jessica Weeks,16:86:55:c4:d3:61,49.209.204.20
Courtney Miller,1f:61:3e:15:7:9b,153.140.9.179
Heather Carroll,12:5d:33:79:69:3,239.169.176.140
Kristen Richardson,43:42:c3:8a:61:9a,209.213.28.229
Dustin Gray,7:55:87:42:a3:a,75.152.21.50
Ronald Lee,47:b9:78:e8:b2:32,18.90.235.40
Phillip Holmes,6f:f7:84:49:e2:5c,20.97.25.65
Joshua Cabrera,1b:9e:3:4c:d2:1f,19.250.200.96
Kendra Keith,8:e:45:18:45:b4,95.197.82.135
Joel Leon,65:d6:b1:b3:8a:7a,71.201.173.183
Ashley Sparks,c3:f0:f1:d5:1f:30,20.106.194.95
Carol Jones,84:c8:53:93:57:7a,8.136.72.191
Isaac Johnson,2:cf:b7:52:9:f8,11.73.170.8
Brian Rodriguez,f4:5b:bc:3:c5:db,182.95.218.156
Scott Hoffman,33:ac:e8:cf:2e:1d,213.69.45.247
Shaun Martinez,18:ca:fe:fa:8:ec,214.156.170.35
Jeffrey Sexton,2e:70:4:a1:ed:3a,76.226.242.60
Jasmin Park,98:7b:e3:59:46:83,61.192.5.114
Adam Cummings,88:c0:76:3:8c:f8,231.151.91.15
Shane Castillo,34:19:62:fd:17:c7,86.180.108.78
Curtis Davila,a1:9:9:92:ca:69,86.165.243.246
David Craig,38:c:a6:cb:fa:24,226.33.149.22
Melanie Gordon,c7:a2:b8:81:ce:d2,156.110.233.92
Chad Phillips,3:3d:b3:74:f5:69,96.164.239.1
Jay Cortez,da:30:90:7c:9c:35,93.110.118.54
Michael Smith,71:4a:1e:3a:a0:5d,81.121.141.20
Alicia Santiago,2d:51:40:4f:8c:1c,8.80.6.213
Kyle Parker,5f:90:a1:d3:dc:0,225.66.110.183
Amanda Hodge,6a:b9:f2:df:f6:3a,202.140.231.234
Thomas Lee,dc:7a:cd:36:18:bc,124.77.50.3
Mr. Christopher Lynch,f6:22:d3:4e:a5:36,220.29.172.204
Eric Bailey,11:6:54:94:f:bc,117.6.136.42
Latasha Jones,ac:82:e5:63:2c:d0,59.111.254.161
Monica Jones,16:4d:d4:33:40:3b,139.146.47.63
Allison Washington,96:58:a0:eb:e2:39,68.73.22.47
Scott Rodriguez,17:f0:ed:16:29:7b,229.19.208.49
Mark Jones,97:4:10:ae:44:7f,90.135.71.181
Melissa Vasquez,b2:5f:69:9d:d:e4,162.145.217.55
Amy Bryant,8a:74:8:58:bd:d7,172.249.120.22
Cindy Peters,90:1d:9a:24:ac:33,170.42.150.247
Thomas Henson,f2:4e:66:d3:ce:a4,105.91.175.170
Mercedes Calderon,62:ba:8b:24:67:ce,106.217.112.90
Jamie Howard,f1:12:17:51:f8:26,142.60.145.36
Devon Smith,53:6f:d8:52:d4:34,3.222.200.182
Anthony Campbell,0:a2:9:38:3c:eb,233.193.200.208
Anthony Macias,2c:c2:d7:b7:dd:71,59.94.4.28
Willie Klein,33:5b:72:58:11:88,121.182.24.141
Omar Miller,41:f6:86:6f:10:ad,38.92.104.87
Mr. Victor Terry,a2:54:1d:cd:a4:90,245.216.100.121
Nathan Faulkner,3:c4:33:27:d7:e0,91.91.9.101
Kimberly Johnson,57:6:75:e:b1:ef,132.24.138.213
Anthony Gregory,a8:67:65:3e:af:24,218.55.38.112
Kara Taylor,a:f9:a1:ce:80:26,161.21.103.42
Jessica Barker,ef:cc:51:90:ee:23,92.223.153.189
Stephanie Reynolds,97:5e:d2:fd:24:0,85.20.152.147
Diane Fowler,f8:62:d9:78:8f:c7,214.16.177.160
Peter Brown,58:6d:f6:39:6e:7b,249.195.126.193
Shannon Eaton,c4:29:66:f0:48:38,98.29.215.80
Michael Potts,17:d1:d7:a6:f4:fd,207.204.69.102
Justin Moran,f1:9:c4:96:93:8f,67.119.195.209
Kimberly Pineda,81:dd:d7:d7:fc:1d,207.98.169.163
Douglas Graham,12:65:81:32:83:a1,35.68.186.69
Dominique Leon,c0:52:eb:36:6b:3c,161.211.48.55
Paul Hogan,d8:62:d7:7c:c0:c6,201.85.251.80
Jody Oliver,f1:e6:3f:f5:2:dc,225.6.169.190
Michele Yates,d9:ee:b5:1f:25:84,87.127.11.108
Erin Lopez,42:cc:6e:a5:7b:28,240.249.113.170
Linda Walls,57:f4:94:bf:58:11,25.156.227.180
Susan Burke,40:90:28:e1:57:fb,188.130.93.181
Timothy King,49:6a:a5:74:5c:94,241.91.65.124
Trevor Ross,96:89:9d:91:3d:81,64.67.53.229
Daniel Stanley,bc:c3:83:77:dd:c5,62.225.191.186
Lori Clark,db:ee:a3:d5:db:80,185.88.101.112
Amanda Livingston,6f:e4:1e:c4:2:d0,251.243.4.144
Derek Delgado,13:a6:18:7b:52:b1,120.78.120.129
Robert Morris,56:55:75:85:53:11,18.48.136.121
Dawn Smith,56:16:91:73:9c:52,2.177.132.219
Rebecca Coffey,18:6d:eb:8c:30:ac,128.102.48.118
Robin Cook,79:f5:68:80:33:87,125.63.49.197
Alyssa Davis,21:e1:dd:3d:e2:bc,191.126.122.14
Richard Lucero,b8:3c:46:42:1a:ef,187.22.37.88
Matthew Gordon,fc:26:81:6f:52:ef,23.129.78.67
Tracy Kirk,79:11:7b:9e:f3:b6,128.177.18.118
Angela Young,c4:e2:d1:fb:a7:60,112.149.167.205
Alicia Campbell,67:82:f9:f8:a8:b9,168.122.61.160
Ronald Riggs,f1:ef:4:75:ae:94,136.211.50.41
Krista Anthony,e:cb:b2:3b:24:65,96.136.239.79
Angela Dalton,97:ac:c7:c6:15:e5,163.110.250.117
Kelli Hobbs,38:2b:5b:5a:c3:99,142.79.201.83
Debra Thompson,ca:84:3b:99:e0:1d,3.174.92.211
Kimberly Doyle,82:52:95:b8:4e:e2,194.1.5.39
Nicholas Campbell,15:6f:85:b2:d7:3f,118.10.199.232
Julie Park,18:f2:fa:c7:bd:cd,59.215.128.15
Jason Torres,21:a8:cf:38:74:a,155.182.44.93
Tyler Noble DDS,1e:37:4f:7:58:d4,49.171.171.242
Ricardo Gregory,11:d2:f4:3a:c9:15,84.214.162.105
Matthew Combs,70:a7:67:9e:72:b2,123.26.205.89
Jill Clark,12:3b:bd:3a:84:e3,61.30.158.47
Justin Taylor,c4:bb:4f:3:e8:4,77.225.254.134
Thomas Brooks,7f:e1:24:82:22:0,126.4.219.10
Dr. Amanda Neal,b9:24:ab:7d:1d:59,4.233.30.54
Kyle Woods,86:32:ed:2b:d9:25,239.69.59.130
Phillip Arnold,ad:24:f3:c2:46:2e,140.250.202.238
Amanda Edwards,61:6c:14:ec:5a:10,191.172.182.148
Vincent Lewis,2:f1:98:2e:6b:cb,96.129.162.11
Ann Ramos,58:b:4e:1d:4e:df,232.144.116.2
Michael Simpson,27:ee:8d:63:88:58,245.91.161.18
Deanna Morrow,ea:a3:6a:b0:53:a,4.182.109.174
Joel Vega,8f:0:27:af:29:2c,181.81.245.148
Laura Patton,16:95:7b:e:92:1c,254.8.51.8
Richard Kim,e1:1a:c5:e0:3a:34,39.166.68.24
Michael Schwartz,fb:c1:21:56:61:a0,82.12.175.159
Elizabeth Rice,8f:5:69:e7:f7:17,194.74.97.167
Tina Bradley,98:8f:8c:8a:ac:27,92.51.164.47
Peter Davis,4e:3d:d0:88:24:4c,188.23.55.30
Tiffany Boyd,b3:d1:4a:b2:25:8c,113.131.29.179
Bonnie Ochoa,e6:c5:7f:e6:cc:b2,250.209.243.149
Tamara Jacobs,89:e:79:3c:b7:82,180.159.221.140
Joshua Kennedy,ae:3d:51:7e:4e:98,195.145.1.223
Jessica Leon,31:7a:4:2a:d4:a4,240.206.25.95
Misty Griffin,76:2a:ac:51:68:25,67.123.125.10
Joy Adams,5e:d7:73:b4:15:94,17.230.110.50
Lisa Moore,4c:1c:3c:a6:47:a1,0.132.144.167
Lisa Johnson,c5:32:ef:95:ca:47,161.186.173.78
Paul Murray,8b:2c:6d:c2:66:38,119.64.229.64
Cheryl Ayala,5f:c3:4d:6c:3c:60,116.46.13.83
Kelly Lambert,bf:9d:cd:92:6f:cf,105.140.208.173
Evan Mccarthy,2a:c9:f8:1c:7a:bd,19.236.237.91
Brian Allen,a:a2:df:2f:47:d6,239.88.170.186
Heather Ramirez,3d:81:94:33:b8:1a,119.205.6.78
James Brown,b6:7f:bd:92:c4:be,248.152.202.240
Gregory White,2:8b:d2:d7:dd:8b,143.40.110.192
Mr. Parker Mclean,58:a3:81:7e:bd:cf,36.43.197.1
John Mejia,16:e9:8b:f5:3e:c4,148.57.74.81
Jason Steele,18:9e:de:73:42:2f,33.212.122.152
Matthew Hensley,93:8:49:24:60:f8,134.181.168.164
Dr. Mark Gray,e7:dd:5d:19:43:95,197.249.175.190
Heather Wright,74:29:be:a3:99:c,38.254.216.239
Jamie Smith,3d:d9:35:a2:4e:3e,42.27.171.84
Aaron Strong,ee:55:e7:98:c5:bb,165.46.110.144
Jacob Martinez,2d:5e:2:dd:be:9,205.162.90.30
Robin Brown,1e:76:d4:cf:a8:82,82.125.127.181
Kristina Mccarthy,46:73:62:fd:b4:81,64.120.15.156
Daniel Singh,d3:70:de:6:6d:cb,4.109.140.234
Carla Flores,63:4b:90:70:96:6d,16.115.65.136
Cynthia Johnson,cb:bc:e8:94:e9:a5,116.120.207.80
Thomas Collins,cc:81:c2:c6:4a:c2,78.67.61.157
Matthew Lowe,42:92:0:87:e8:67,85.32.57.24
Karen Coleman,a:9e:43:a3:52:70,109.203.52.65
Robert Small,d:fb:68:31:f:88,226.239.61.210
Steve Cox,90:7:2:2a:86:53,209.121.0.90
Adrienne Nicholson,dc:b4:c7:89:b7:a7,119.180.110.222
Mason Koch,8c:b3:40:cb:59:af,254.29.155.132
Dustin Drake,33:19:c4:69:22:ae,156.235.133.218
Cody Silva,9b:a0:10:49:68:7c,147.238.252.53
Ronald Burnett,6a:b8:8f:ad:fa:11,207.210.198.207
Savannah Wilson,3b:a0:5f:d0:ae:52,241.64.245.202
Jennifer Flores,bb:21:21:a9:7d:d3,65.160.29.233
Joseph Chang,85:33:b1:e1:94:dc,208.126.18.195
Natalie Bennett,b5:fa:85:34:88:24,238.112.168.133
Sarah Serrano,4b:8f:62:c5:bf:79,54.55.82.66
Kelly Cox,ec:8b:3e:ea:65:f5,104.50.115.123
William Walker,23:56:d7:ee:f6:c0,138.247.169.36
Kenneth Chaney,7e:1:21:3e:39:d4,214.129.243.9
Chelsea Chandler,b7:79:8:b2:34:5a,153.73.14.111
Elizabeth Finley,86:77:2:21:d:a6,98.153.76.223
Anthony Jones,43:c4:eb:e6:ef:6e,200.120.126.67
Michelle Smith,38:13:f3:f0:6f:55,167.231.116.198
Christina Jordan,f5:79:a2:90:a5:26,9.137.81.123
Heather Ramos,22:e7:1b:82:f7:f5,174.106.239.137
Courtney Gonzalez,8c:61:8:29:bd:fd,187.41.152.20
Christopher Alvarado,e0:6f:f8:31:3f:2e,183.136.222.188
Gerald Conner,80:4e:e9:a:1f:4a,36.137.187.144
Javier Pierce,c5:3b:ce:87:3f:cc,44.128.236.156
Robert Reid DDS,81:c3:a:db:7c:42,63.189.159.196
Richard Weaver,a1:e4:55:7c:1:e9,161.28.159.4
Erica Ryan,7b:ae:f2:3f:19:41,181.71.122.5
Faith Hampton,92:a2:b9:d8:3a:0,241.13.196.158
Christine Mendoza,1a:cd:6e:71:1c:34,7.248.110.78
Donald Miller,51:43:6c:e9:13:71,139.203.126.117
Patricia Rich,a8:a2:5a:3e:b8:36,224.26.76.64
Tyler Dougherty,62:45:b9:4c:b:f2,230.242.79.233
Kelly Hernandez,d9:b5:c9:c6:95:78,19.162.96.57
Richard Silva,44:47:b6:ec:7b:da,202.12.48.210
Jenna Johnson,a9:19:a6:e6:de:e4,10.108.175.182
Mallory Hunt,a5:6e:34:e3:d6:30,33.203.70.139
Gerald Cox,ee:6d:c:82:cb:b,177.105.73.38
Victoria Nelson,ca:4d:e1:e0:c1:63,92.63.178.100
Christy Davis,41:de:8c:7e:db:bf,112.96.37.134
Patrick Sanchez,f0:55:b5:c7:38:20,146.75.176.97
Samuel Howard,e3:84:98:ee:76:bb,34.243.217.4
Gabrielle Barajas,c2:fe:5:23:7b:95,59.88.46.107
Amy Johnson,c1:26:e4:6a:13:35,234.216.201.213
Nicholas Boyle,70:bb:cb:91:6f:72,245.97.218.198
James Rojas,f7:a0:25:46:bb:19,86.48.195.208
Elizabeth Martinez,48:1a:a5:2a:1c:da,127.111.243.52
Jean Martin,26:81:af:9d:9e:20,43.97.147.250
Paul Cook,59:c6:de:c3:cf:b7,94.223.57.58
Mark Padilla,d9:f7:c6:1e:44:15,69.178.219.38
Jesse Anderson,55:d:2b:3c:cf:d5,53.153.111.245
Benjamin Mitchell,88:41:7e:d8:df:6c,38.221.231.170
Bianca Soto,4b:82:10:1d:7d:2f,251.91.111.51
Nancy Miller,ba:4f:7b:46:3d:15,45.0.144.211
Heidi Medina,78:9:50:35:6e:9b,186.215.41.187
Christina Christensen,70:71:29:63:f8:15,234.221.65.229
Annette Bender,51:82:5a:f3:7a:fd,81.32.122.132
Derek Ortiz,e9:8a:d8:9:c5:82,246.141.191.103
Michelle Nichols,f5:9d:91:e5:7b:d5,129.125.13.181
Courtney Foster,7:d1:b7:a4:37:77,229.200.39.108
Jacob Heath,e3:fd:6a:96:bd:37,213.138.75.127
Mr. Patrick Hartman,4c:ed:cc:21:18:82,145.64.77.218
Amanda Jennings,9b:74:73:2b:6:a7,216.253.111.62
Mrs. Elaine Welch,3:71:e6:d:80:47,210.92.121.215
Gregory Webb,dd:6a:f9:40:d9:9d,16.108.4.86
Luis Hunt,c1:b8:9:77:1f:33,176.72.137.240
Amy Mclaughlin,17:83:19:a9:a1:c4,92.129.197.224
Rachel Bryan,30:f4:f3:31:2b:67,18.200.80.76
Jose Murphy,aa:47:37:60:97:9,90.237.167.188
Tammy Hall,10:4e:93:6a:5a:e4,55.68.33.197
Zachary Moreno,9c:7f:36:17:6f:ca,99.209.78.89
David Lewis,b8:54:d1:b:32:e,186.71.129.19
Shaun Williams,ab:98:ab:f3:92:e0,161.214.77.97
Kelly Hamilton,53:a3:f8:55:e6:c9,121.164.209.186
Karen Williams,d4:26:a1:dd:38:fc,168.113.43.44
Phillip Lee,77:3b:3e:68:7f:60,176.89.97.184
Danielle James,dc:52:5e:bb:84:12,235.196.238.247
Amber Jones,91:ce:88:d2:86:a7,236.237.5.136
Laura Moore,30:f7:d:2c:3c:44,17.112.112.137
Katrina Gardner,83:74:9d:69:1a:95,72.199.202.114
Kathleen Palmer,68:d3:cf:fb:a7:cf,178.139.155.86
Joseph Golden,40:23:3a:dc:7a:41,164.21.187.24
Jessica Knight,28:51:52:94:94:8c,212.94.18.120
Elizabeth Fletcher,b1:d9:dc:17:e9:ac,160.234.243.156
Catherine Gonzales,61:45:7e:8c:e9:e7,138.86.173.190
Drew Greene,f4:2b:ec:60:dd:79,116.109.144.182
Paul Davies,51:78:af:24:cf:33,34.147.52.70
Steven Edwards,82:f7:9a:b2:7f:55,24.92.60.54
Amy Santana,91:bc:1b:db:b9:48,56.233.231.229
Kara Cooley,1a:91:40:2:ce:49,70.18.183.123
Courtney Flores,2f:42:ef:f4:ba:12,94.111.16.140
Lisa Pugh,32:a3:1c:5d:2d:84,203.174.171.153
Lauren Horne,2c:a6:a4:8:39:fe,98.219.2.224
Tracy Huber,b1:58:b:db:5c:6c,66.99.221.88
Joseph Woodard,8d:e8:e1:41:e0:5c,74.185.155.129
Joyce Bailey,ee:60:70:2f:5e:88,66.108.124.184
Olivia Holmes,74:87:bc:5e:ba:11,120.26.71.195
Latasha Robles,cb:56:5a:cf:17:f6,52.21.163.217
Michael James,81:37:f0:7d:f2:84,214.247.171.184
Ashley Wiggins,f3:c9:d2:f1:42:df,106.25.170.208
Molly Taylor,16:11:f2:7f:69:be,80.193.145.158
Mark Mayo,7f:fe:ed:69:96:63,237.126.49.111
Maria Brown,ac:4b:cb:a7:26:9a,214.37.236.115
Christopher Adams,33:ef:ad:60:48:85,158.239.77.124
Teresa Price,91:83:3a:47:72:a6,65.86.198.232
Laura Smith,90:25:eb:7b:5:d4,77.144.231.204
Angela Cook,4:2e:b9:35:c0:d3,59.40.45.221
Kathryn Patton,1b:ae:e4:50:21:a,116.149.91.247
Jason Barrett,76:74:2:c9:be:73,95.188.201.115
Maria Christian,f8:11:95:5a:4:dc,83.30.185.44
Jason Williams,fa:48:cc:4e:ba:dc,3.3.19.62
George Martin,26:cb:f4:eb:75:2c,133.252.192.196
Ryan Williams,b4:3f:5f:ca:7d:a0,237.117.216.64
Sara Morales,13:48:72:e9:47:26,91.71.186.218
Michael Francis,d3:5f:1b:b1:cb:38,92.110.180.108
Angela Benson,a2:ba:6f:26:5d:e4,200.0.244.16
Katherine Jones,2b:a2:d5:61:5b:0,182.132.207.30
Aaron Jones,43:6a:ac:85:56:29,87.80.53.120
Lisa Wilson,8f:2e:84:a8:1f:e4,136.157.60.85
Lauren Hebert,c:6c:8d:f6:47:4f,219.75.193.89
Kayla Moore,d1:eb:5:bc:2d:dd,125.167.124.15
Susan Anderson,a9:51:7f:35:72:45,98.98.0.207
Deborah Gray,61:ac:94:c5:28:78,91.244.9.211
Victoria Jackson,a4:79:99:63:7f:fb,7.83.147.29
Phyllis Andrews,66:31:1f:50:db:9c,87.145.234.116
Brooke Carlson,db:69:95:c5:96:9c,3.160.64.71
Benjamin Coleman,e8:7f:e1:99:dd:c0,228.224.11.11
Mr. Donald Mcpherson,16:14:da:75:a2:aa,141.83.114.62
Brandon Hoffman IV,4:f0:2e:d8:e:8f,186.67.156.30
Jessica Campos,22:1e:35:38:e9:47,197.19.37.234
Crystal Villanueva,d6:bf:64:14:4b:f4,106.96.106.240
James Salas,3:53:9a:9f:2d:9b,199.203.188.100
Angel Harris,3c:3f:4b:b6:14:fc,111.19.27.48
Kimberly Smith,66:50:f4:c0:42:52,243.17.113.251
Jacqueline Adams,be:6d:77:9e:6b:5f,31.106.191.205
Jennifer Peters,d8:df:e5:57:c2:19,29.247.192.252
Jose Mcbride,b8:4c:47:f1:d4:52,38.223.211.90
Rebecca Lang,fd:c3:7f:b9:5a:f3,108.9.25.43
John Bender,b3:bd:72:75:2b:ec,215.19.19.28
Angela Oneill,b0:f3:d4:f7:f4:2e,211.207.199.168
Joel Brown,75:52:a7:32:6:b8,4.189.154.183
Madison Ramos,b:12:1c:de:ed:b3,178.66.92.198
Jonathan Ho,c5:13:74:4d:a3:61,246.250.226.176
Robert Green,31:d1:b6:29:1c:64,55.88.243.109
Laura Morgan,66:ec:8:83:fd:c2,14.62.159.80
Jason Moore,30:11:b9:49:e2:f7,75.103.72.192
Jill Brown,86:89:e9:26:1d:80,235.183.135.33
Erika Johnson,6a:e3:87:d4:87:b9,136.178.142.114
Vincent Campbell,67:a6:8b:7b:9a:e1,129.206.202.175
Jose Raymond,4e:77:b6:fb:38:5,205.180.41.210
Emily Ortiz,38:19:c9:cd:7f:88,76.79.133.50
Nancy Hall,93:5:d4:dd:7b:56,68.90.30.2
Bradley Banks,cd:cc:96:f2:34:5b,190.252.81.201
Brian Brown,d3:63:bd:60:88:f2,57.114.252.26
William Cisneros,7a:69:45:fc:4a:44,153.101.234.100
Matthew Reyes,12:c9:c8:a3:7f:4a,42.186.93.250
Virginia Hayden,de:a9:ca:1c:7c:13,66.63.144.162
David Murphy,48:d9:19:ed:f6:fa,128.16.141.23
Peter Wilson,79:9e:63:99:27:23,240.78.27.186
Amy Newman,5a:2b:e7:32:a6:4e,94.75.222.220
Curtis James,b1:90:b2:46:a0:fb,123.168.19.165
Angela Oneill,bd:35:ea:50:f7:fb,227.29.41.117
John Morton,6a:24:8a:9:d1:c4,150.182.186.131
Amanda Wade,2d:e2:ab:9:8d:8d,39.221.161.234
Megan Hernandez,8d:ed:e3:44:c2:31,0.121.53.134
Matthew Holmes,d4:f0:fa:55:72:48,202.203.220.250
Kyle Hughes,f5:d:d2:4b:ba:3c,138.99.143.7
Mary Day DVM,db:33:1a:39:be:ef,217.11.138.170
Amber Rodriguez,94:47:91:c6:63:19,193.151.130.202
Danielle Davis,d5:39:ea:83:5f:9f,119.8.12.214
Alexis Reed,17:37:b8:4d:ab:9b,45.130.87.22
Mr. Brent Mendoza,c5:aa:5d:fb:81:10,240.249.30.51
Breanna Andrews,6b:54:d4:f1:d5:5,51.202.125.151
Martha Jackson,c3:e7:33:dd:85:8e,159.190.97.90
Nicole Wallace,18:12:3c:cd:60:8f,33.116.171.16
Summer Faulkner,eb:d:a9:4:53:75,95.71.185.101
Mrs. Carolyn Wright,74:79:7d:16:dd:27,165.98.239.182
Kimberly Lee,23:8e:d6:86:1:49,44.41.44.83
Deborah Davidson,9a:32:56:98:11:c5,27.19.234.225
Julie Gaines,d4:db:5a:28:47:2b,132.90.161.244
Randy Morrison,8a:19:91:df:b7:96,170.228.225.145
Robert Cohen,66:22:c0:15:80:da,234.30.52.136
Sarah Reese,3a:a1:6e:ec:9f:43,124.96.13.127
Daniel Walker,12:d4:b7:29:77:f3,143.240.250.112
Jeffrey Hoffman,6a:e3:db:d4:4f:25,146.71.201.24
Holly Morales,5d:22:9a:77:22:8f,148.95.13.135
Grace Daniel,1d:ca:20:2:c9:88,73.79.38.186
Mr. Richard Hawkins MD,ed:a7:86:57:13:72,37.89.72.216
Stacey Aguilar,81:2c:67:90:2d:5d,215.76.221.139
Edward Nguyen,d9:56:2b:a6:d:42,192.197.10.79
Adrian Arellano,ae:e7:4d:b8:9:2c,239.156.161.33
Eric Bell,84:1d:be:49:4c:16,60.208.157.199
Lisa Conway,17:69:b6:31:36:10,125.76.7.92
Theresa Lee,bf:b3:92:d6:a4:3d,232.33.107.232
William Shepherd,5a:9b:e:8:fe:37,63.252.198.27
John Green,d3:30:d5:86:86:4a,242.106.254.145
Sabrina Brown,b7:43:36:1a:78:b3,113.16.131.49
Jennifer Caldwell,89:cf:3a:99:68:7a,222.127.234.235
Karen Watson,56:29:4a:6f:c1:7,168.63.21.2
Sandra Bell,d7:fc:b3:e1:63:81,118.34.237.101
Laurie Lewis,e1:78:93:93:96:fc,104.215.14.201
Ryan Schmidt,d2:f2:a4:d7:4a:1f,123.195.31.214
Mr. James Williams,7:fa:a3:35:fc:f4,205.133.9.21
Lisa Moore,c:e:e8:a:d4:96,218.214.236.20
James Guzman,af:fa:fd:a2:7a:39,215.157.1.21
Mitchell Kelley,e:b0:97:9a:ca:a7,251.11.21.132
Charles Russell,c9:c7:f2:36:62:5c,205.204.218.46
Amanda Smith,8f:40:3f:30:8b:3,84.19.147.105
Victor Gross DDS,ee:7e:98:25:55:d3,158.123.115.122
Cory Scott,2b:dc:d8:9f:56:82,245.215.39.81
Edwin Rodriguez,6:db:3d:19:33:72,152.30.107.228
Charlene White,5e:4c:da:3a:bb:fb,247.191.198.101
Anthony Brown,c0:44:5:6e:2:a5,130.168.194.43
Jason Jones,8d:b1:9c:e1:8f:f9,43.171.41.47
Seth Wallace,db:7c:da:f3:6c:93,212.102.105.79
Matthew Davis,1e:89:52:3:9:5a,209.233.140.201
Erica Herrera,fc:7e:df:64:bd:33,170.98.219.34
Michael Buchanan,e0:f2:3c:d1:5a:29,249.234.150.140
David Jones,4f:d0:1d:70:aa:e8,35.181.226.181
Allison Ray,be:6b:a4:70:c2:eb,74.147.239.95
Andrea Fisher,af:6a:e0:89:47:92,1.158.107.254
Lawrence Cooper,cb:57:4f:13:eb:25,179.76.76.1
Lynn Young,12:10:79:40:1a:38,238.242.46.173
Kimberly Smith,2f:40:fe:d5:4c:88,248.233.94.47
Michael Mcdaniel,1d:97:e:ed:b3:1e,211.5.191.8
Stephen Marshall,c8:2b:6d:67:8c:26,95.112.254.2
Mikayla Molina,16:a:c9:e8:ef:42,0.250.52.4
Heather Cruz,60:29:a8:76:3b:f0,38.187.181.165
